TargetCity,CountyName,DrivingDistanceFromFreedom,RegionalTerrainType,TargetSpeciesFocus,FeaturedProduct,LocalLandmark,MetaTitle,MetaDescription,,,,,,
Appleton,Outagamie County,15 miles south,suburban-rural fringes,creek bottoms,and small woodlots holding heavy pressured deer,urban-edge bucks and river corridor travelers,Redneck Soft-Side 360 Buck Palace,Fox River corridor,Redneck Hunting Blinds & Setup in Appleton,WI | Proven Whitetail Systems,Fast delivery and professional setup of Redneck blinds across Appleton and Outagamie County. Expert landowner solutions from Proven Whitetail Systems in Freedom,WI.,,
Kaukauna,Outagamie County,10 miles southeast,river corridors,agricultural fields,and brushy creek bottoms,hard-working farmland bucks navigating the Fox River valley,Redneck ST 360 Soft-Side Blind,1000 Islands Environmental Center area,Redneck Blinds & Delivery in Kaukauna,WI | Proven Whitetail Systems,Get local Redneck deer blinds delivered and anchored right in Kaukauna. Trusted service from your neighbors at Proven Whitetail Systems in Freedom,WI.,,
Green Bay,Brown County,25 miles northeast,heavy agricultural fields,creek bottoms,and suburban woodlot fringes,heavily pressured agricultural bucks and major river corridor movement,Redneck Conventioneer 6x6 Fiberglass Box Blind,Bay of Green Bay corridor,Redneck Hunting Blinds & Setup in Green Bay,WI | Proven Whitetail Systems,Factory-direct Redneck blinds delivered and leveled across Brown County. Professional setup by Proven Whitetail Systems near Freedom,WI.,,
Neenah,Winnebago County,25 miles southwest,lake-adjacent timber,marsh edges,and rolling farm fields,waterfowl transition zones and thick marsh bucks,Redneck Soft-Side 360 Predator 6x6,Lake Winnebago shoreline,Redneck Blinds & Delivery in Neenah,WI | Proven Whitetail Systems,Upgrade your Winnebago County property with rugged Redneck blinds. Expert local delivery and installation by Proven Whitetail Systems.,,,
Menasha,Winnebago County,22 miles southwest,urban-rural transition edges,riverways,and small woodlot pockets,smart suburban-fringe bucks,Redneck ST 360 Soft-Side 6x6 Bale Blind,Little Lake Butte des Morts,Hunting Blinds & Setup in Menasha,WI | Proven Whitetail Systems,Professional Redneck blind setup and delivery in Menasha,WI. Trust Proven Whitetail Systems for turnkey blind placement on your property.,,
Little Chute,Outagamie County,10 miles south,river adjacent farm fields and pocket woodlots,local farmland whitetails,Redneck 6x6 Soft-Side Hunting Blind,Fox River,Redneck Blinds & Delivery in Little Chute,WI | Proven Whitetail Systems,Local Redneck hunting blind delivery and setup in Little Chute and Outagamie County by Proven Whitetail Systems based right down the road in Freedom,WI.,,,,
Kimberly,Outagamie County,12 miles south,river bottom edges and agricultural transitional ground,river-traveling bucks,Redneck Soft-Side 360 Predator 6x6,Fox River bottomlands,Redneck Blinds & Setup in Kimberly,WI | Proven Whitetail Systems,Enhance your hunting setup in Kimberly,WI with factory-direct Redneck blinds delivered and anchored by Proven Whitetail Systems.,,,,
Fox Crossing,Winnebago County,20 miles southwest,lakeshore woodlots and suburban-rural fringe transition lines,pressure-tested local bucks,Redneck Conventioneer 6x6 Fiberglass Box Blind,Lake Winnebago western shore,Redneck Blinds & Setup in Fox Crossing,WI | Proven Whitetail Systems,Factory-direct Redneck blind delivery and installation in Fox Crossing and Winnebago County by Proven Whitetail Systems.,,,,,
Seymour,Outagamie County,20 miles northwest,vast flat agricultural fields,woodlot islands,and ditch lines,heavy-bodied agricultural bucks cruising large crop fields,Redneck ST 360 Soft-Side Blind,Wolf River agricultural basin,Redneck Blinds & Delivery in Seymour,WI | Proven Whitetail Systems,Get heavy-duty Redneck blinds delivered and leveled on your Seymour property. Expert setup from Proven Whitetail Systems in Freedom,WI.,,
Shiocton,Outagamie County,25 miles northwest,lowland river bottoms,swamp edges,and fertile floodplains,river-traveling swamp bucks,Redneck Soft-Side 360 Predator 6x6,Wolf River bottoms,Redneck Hunting Blinds & Setup in Shiocton,WI | Proven Whitetail Systems,Secure your swamp and river bottom setup in Shiocton with Redneck blinds delivered and installed by Proven Whitetail Systems.,,,
Hortonville,Outagamie County,18 miles west,rolling farm fields,small creeks,and oak woodlots,farmland bucks moving between ridges and ag fields,Redneck Conventioneer 6x6 Fiberglass Box Blind,Black Otter Lake area,Redneck Blinds & Delivery in Hortonville,WI | Proven Whitetail Systems,Professional Redneck blind delivery and anchor service across Hortonville and Outagamie County. Turnkey solutions by Proven Whitetail Systems.,,,
Brillion,Calumet County,25 miles southeast,rolling hills,agricultural fields,and state wildlife areas,farmland bucks moving near public-private boundaries,Redneck ST 360 Soft-Side 6x6 Bale Blind,Brillion Wildlife Area,Redneck Blinds & Setup in Brillion,WI | Proven Whitetail Systems,Enhance your land near Brillion Wildlife Area with factory-direct Redneck blinds delivered and installed by Proven Whitetail Systems.,,,
Chilton,Calumet County,30 miles south,glacial drumlins,agricultural valleys,and ledge terrain,ridge-running agricultural bucks,Redneck 6x6 Soft-Side Hunting Blind,Niagara Escarpment / Ledge view,Redneck Blinds & Delivery in Chilton,WI | Proven Whitetail Systems,Professional Redneck hunting blind delivery and setup throughout Chilton and Calumet County by Proven Whitetail Systems.,,,
Kiel,Manitowoc County,35 miles southeast,river valleys,rolling farmland,and woodlot patches,river-bottom bucks and ag feeders,Redneck Soft-Side 360 Predator 6x6,Sheboygan River valley,Redneck Blinds & Setup in Kiel,WI | Proven Whitetail Systems,Secure rugged Redneck blinds for your Kiel or Sheboygan River property. Expert installation by Proven Whitetail Systems.,,,
New Holstein,Calumet County,35 miles south,rolling farm country and scattered hardwood woodlots,heavily pressured rural bucks,Redneck Conventioneer 6x6 Fiberglass Box Blind,Marsh Road corridor,Redneck Blinds & Delivery in New Holstein,WI | Proven Whitetail Systems,Factory-direct Redneck blinds delivered and anchored across New Holstein and Calumet County. Turnkey service from Proven Whitetail Systems.,,,,,
Manitowoc,Manitowoc County,45 miles east,lake-adjacent ridges,creek bottoms,and agricultural fields,lake-effect transition bucks,Redneck ST 360 Soft-Side Blind,Manitowoc River basin,Redneck Blinds & Delivery in Manitowoc,WI | Proven Whitetail Systems,Professional Redneck blind delivery and setup across Manitowoc County. Maximize your property setup with Proven Whitetail Systems.,,,
Two Rivers,Manitowoc County,50 miles east,coastal dunes,pine forest pockets,and agricultural transitions,coastal whitetails and deep woods bucks,Redneck Soft-Side 360 Predator 6x6,Twin Rivers state forest area,Fiberglass Hunting Blinds & Setup in Two Rivers,WI | Proven Whitetail Systems,Upgrade your coastal timber setup in Two Rivers with factory-direct Redneck blinds delivered by Proven Whitetail Systems.,,,
Valders,Manitowoc County,40 miles east,rolling agricultural hills and fragmented woodlots,farmland bucks navigating open terrain,Redneck Conventioneer 6x6 Fiberglass Box Blind,Branch River area,Redneck Blinds & Delivery in Valders,WI | Proven Whitetail Systems,Secure rugged Redneck hunting blinds for your Valders property. Professional delivery and setup by Proven Whitetail Systems.,,,,,
Oshkosh,Winnebago County,35 miles southwest,extensive lake shoreline marshes,large agricultural fields,and timbered river bottoms,monsters traveling marsh edges and heavy agricultural feeding routes,Redneck Conventioneer 6x6 Fiberglass Box Blind,Lake Winnebago and Butte des Morts,Redneck Hunting Blinds & Delivery in Oshkosh,WI | Proven Whitetail Systems,Get rugged Redneck blinds delivered and anchored across Winnebago County and Oshkosh. Expert habitat setup by Proven Whitetail Systems.,,,
Omro,Winnebago County,40 miles southwest,river lowlands,marsh edges,and rich muck farms,heavy marsh bucks and river corridor cruisers,Redneck ST 360 Soft-Side Blind,Fox River and Rush Lake area,Redneck Blinds & Setup in Omro,WI | Proven Whitetail Systems,Professional Redneck blind delivery and setup throughout Omro and Winnebago County by Proven Whitetail Systems.,,,
Winneconne,Winnebago County,30 miles southwest,river systems,delta marshes,and island woodlots,water-crossing bucks and marsh edge giants,Redneck Soft-Side 360 Predator 6x6,Wolf River and Lake Winneconne,Redneck Blinds & Delivery in Winneconne,WI | Proven Whitetail Systems,Enhance your Winneconne marsh or river property with factory-direct Redneck blinds delivered and anchored by Proven Whitetail Systems.,,,
Fond du Lac,Fond du Lac County,50 miles south,massive marsh edges,rolling southern ledger terrain,and large crop fields,big southern-transition bucks and heavy marsh-dwelling whitetails,Redneck ST 360 Soft-Side Blind,Ledge View and Lake Winnebago southern basin,Redneck Blinds & Setup in Fond du Lac,WI | Proven Whitetail Systems,Professional Redneck blind delivery,leveling,and setup throughout Fond du Lac County. Turnkey service from Proven Whitetail Systems in Freedom,WI.
Ripon,Fond du Lac County,60 miles southwest,rolling hills,oak woodlots,and fertile agricultural fields,hard-pursued farmland bucks in rolling terrain,Redneck Soft-Side 360 Predator 6x6,Green Lake county border,Redneck Blinds & Delivery in Ripon,WI | Proven Whitetail Systems,Secure high-end Redneck hunting blinds for your Ripon property. Factory-direct delivery and professional installation by Proven Whitetail Systems.,,,
Waupun,Fond du Lac County,65 miles southwest,vast marsh complexes,federal wildlife areas,and rich agricultural ground,legendary marsh bucks and heavy crop-to-cover travelers,Redneck Conventioneer 6x6 Fiberglass Box Blind,Horicon Marsh region,Redneck Blinds & Setup in Waupun,WI | Proven Whitetail Systems,Upgrade your Waupun or Horicon area property with durable Redneck blinds. Expert delivery and installation by Proven Whitetail Systems.,,,
Waupun / Horicon Area,Dodge County,70 miles southwest,massive cattail marshes and intensive agricultural acreage,heavy-bodied marsh monarchs,Redneck ST 360 Soft-Side 6x6 Bale Blind,Horicon National Wildlife Refuge,Redneck Blinds & Delivery in Beaver Dam & Horicon,WI | Proven Whitetail Systems,Professional Redneck hunting blind delivery and setup across Dodge County and the Horicon Marsh region. Trust the experts at Proven Whitetail Systems.,,,,,
Berlin,Green Lake County,45 miles southwest,marshy lowlands,river bottoms,and fertile farm fields,heavy river-bottom bucks,Redneck Soft-Side 360 Predator 6x6,Fox River banks,Redneck Blinds & Setup in Berlin,WI | Proven Whitetail Systems,Maximize your Berlin and Green Lake County property with professional Redneck blind delivery and setup from Proven Whitetail Systems.,,,
Green Lake,Green Lake County,50 miles southwest,rolling glacial hills,oak savannahs,and lake-adjacent woodlots,heavily managed private-land bucks,Redneck ST 360 Soft-Side Blind,Big Green Lake basin,Redneck Blinds & Delivery in Green Lake,WI | Proven Whitetail Systems,Upgrade your Green Lake County land with factory-direct Redneck blinds. Turnkey delivery and expert leveling by Proven Whitetail Systems.,,,
Princeton,Green Lake County,55 miles southwest,Fox River lowlands,oak ridges,and sandy agricultural transition fields,river corridor bucks and secluded timber setups,Redneck 6x6 Soft-Side Hunting Blind,Fox River winding valley,Redneck Blinds & Setup in Princeton,WI | Proven Whitetail Systems,Get factory-direct Redneck blinds delivered and anchored on your Princeton property. Expert outdoor solutions by Proven Whitetail Systems.,,,
Markesan,Green Lake County,60 miles southwest,flat agricultural fields,marsh patches,and small woodlot islands,farmland roamers and creek-bottom bucks,Redneck Conventioneer 6x6 Fiberglass Box Blind,Grand River marsh area,Redneck Blinds & Setup in Markesan,WI | Proven Whitetail Systems,Rugged Redneck hunting blinds delivered and installed on your Markesan property. Professional setup by Proven Whitetail Systems out of Freedom,WI.,,
Montello,Marquette County,60 miles west,sand country pine plantations,oak ridges,and marshy lowlands,big woods transition bucks and sandy ridge travelers,Redneck ST 360 Soft-Side 6x6 Bale Blind,Fox River and Buffalo Lake,Redneck Blinds & Setup in Montello,WI | Proven Whitetail Systems,Professional Redneck blind delivery and anchoring across Marquette County and Montello. Local expertise from Proven Whitetail Systems.,,,
Wautoma,Waushara County,50 miles west,pine ridges,cedar swamps,and rolling central Wisconsin sand county terrain,central Wisconsin timber and agriculture cross-over bucks,Redneck 6x6 Soft-Side Hunting Blind,White River marsh,Redneck Blinds & Delivery in Wautoma,WI | Proven Whitetail Systems,Secure durable Redneck hunting blinds for your Waushara County land. Factory-direct delivery and professional setup by Proven Whitetail Systems.,,,
Waupaca,Waupaca County,40 miles southwest,undulating farm country interspersed with thick cedar swamps and oak ridges,heavily pressured farmland bucks moving between crop fields and cover,Redneck Soft-Side 360 Predator 6x6,Chain O' Lakes waterway,Redneck Blinds & Deer Setup in Waupaca,WI | Proven Whitetail Systems,Professional Redneck blind delivery and anchoring across Waupaca County. Maximize your farm setup with Proven Whitetail Systems out of Freedom,WI.,,,,
New London,Waupaca County,25 miles west,river confluence floodplains,timber islands,and ag transitions,river-system bucks and thick swamp wanderers,Redneck ST 360 Soft-Side Blind,Wolf River and Embarrass River confluence,Redneck Blinds & Delivery in New London,WI | Proven Whitetail Systems,Get factory-direct Redneck blinds delivered and leveled on your New London property. Expert setup by Proven Whitetail Systems.,,,
Clintonville,Waupaca County,35 miles northwest,rolling farm ground,cedar swamps,and timber ridges,northern transition agricultural bucks,Redneck Conventioneer 6x6 Fiberglass Box Blind,Pigeon River valley,Redneck Blinds & Setup in Clintonville,WI | Proven Whitetail Systems,Upgrade your Clintonville property with rugged Redneck blinds. Turnkey delivery and installation by Proven Whitetail Systems.,,,
Shawano,Shawano County,45 miles north,heavy cedar swamps and rolling agricultural transition lines,mature northern woodland bucks and heavy agricultural patterns,Redneck ST 360 Soft-Side Blind,Wolf River corridor,Redneck Hunting Blinds & Delivery in Shawano,WI | Proven Whitetail Systems,Get factory-direct Redneck blinds delivered and leveled in Shawano County. Expert habitat solutions from the Proven Whitetail Systems team in Freedom,WI.,,,,
Bonduel,Shawano County,35 miles north,agricultural fields,woodlots,and creek bottoms,farmland bucks navigating central Shawano county,Redneck Soft-Side 360 Predator 6x6,Shawano Lake outflow area,Redneck Blinds & Setup in Bonduel,WI | Proven Whitetail Systems,Professional Redneck blind delivery and anchoring in Bonduel and Shawano County. Expert outdoor service by Proven Whitetail Systems.,,,
Oconto,Oconto County,50 miles northeast,lowland cedar stands,mixed hardwoods,and transition zones near the Bay de Noc flyways,coastal deer movement and deep timber whitetails,Redneck 6x6 Soft-Side Hunting Blind,Oconto River,Redneck Blinds & Delivery in Oconto,WI | Proven Whitetail Systems,Secure rugged Redneck hunting blinds for your Oconto County property. Professional delivery and setup by Proven Whitetail Systems based in Freedom,WI.,,
Oconto Falls,Oconto County,40 miles north,river valley timber,cedar swamps,and ag fields,river-crossing northern bucks,Redneck Conventioneer 6x6 Fiberglass Box Blind,Oshaugbee river corridor,Redneck Blinds & Setup in Oconto Falls,WI | Proven Whitetail Systems,Enhance your Oconto Falls property with factory-direct Redneck blinds delivered and anchored by Proven Whitetail Systems.,,,
Gillett,Oconto County,35 miles north,mixed timber tracts,cedar lowlands,and farm fields,heavy timber and ag transition deer,Redneck ST 360 Soft-Side 6x6 Bale Blind,Oconto County forest edges,Redneck Blinds & Delivery in Gillett,WI | Proven Whitetail Systems,Secure your northern Wisconsin timber property with Redneck blinds delivered and installed by Proven Whitetail Systems.,,,
Pulaski,Brown County,20 miles north,rolling farm country,small woodlots,and swampy creek bottoms,heavily pressured agricultural bucks,Redneck ST 360 Soft-Side Blind,Duck Creek watershed,Redneck Blinds & Setup in Pulaski,WI | Proven Whitetail Systems,Professional Redneck blind delivery and installation in Pulaski and surrounding Brown County by Proven Whitetail Systems.,,,
Crivitz,Marinette County,65 miles north,dense northern pine forests and remote river bottom woodlots,elusive timber bucks and heavy winter yarding patterns,Redneck Conventioneer 6x6 Fiberglass Box Blind,Peshtigo River basin,Fiberglass Hunting Blinds & Setup in Crivitz,WI | Proven Whitetail Systems,Upgrade your deer management with factory-delivered Redneck blinds in Marinette County. Turnkey placement by Proven Whitetail Systems near Freedom,WI.,,,,
Marinette,Marinette County,75 miles northeast,coastal bay marshes,mixed pine forests,and river mouths,big woods and bay-transition whitetails,Redneck Soft-Side 360 Predator 6x6,Menominee River delta,Redneck Blinds & Delivery in Marinette,WI | Proven Whitetail Systems,Get high-end Redneck hunting blinds delivered and anchored across Marinette County and the Menominee River region.,,,
Sheboygan,Sheboygan County,55 miles southeast,lake-adjacent ravines,agricultural acreage,and river corridors,lake-influence and river-valley bucks,Redneck ST 360 Soft-Side Blind,Sheboygan River gorge,Redneck Blinds & Setup in Sheboygan,WI | Proven Whitetail Systems,Secure rugged Redneck blinds for your Sheboygan County property. Professional delivery and setup by Proven Whitetail Systems.,,,
Plymouth,Sheboygan County,45 miles southeast,rolling glacial moraines,dairy farms,and woodlots,farmland bucks in rolling glacial hills,Redneck Conventioneer 6x6 Fiberglass Box Blind,Mullet River valley,Redneck Blinds & Delivery in Plymouth,WI | Proven Whitetail Systems,Factory-direct Redneck blinds delivered and leveled across Plymouth and Sheboygan County. Expert service from Proven Whitetail Systems.,,,
Beaver Dam,Dodge County,70 miles southwest,prime marshland borders,rolling hills,and intensive agricultural acreage,heavy-bodied farmland and marsh bucks,Redneck ST 360 Soft-Side 6x6 Bale Blind,Beaver Dam Lake,Redneck Blinds & Delivery in Beaver Dam,WI | Proven Whitetail Systems,Professional Redneck hunting blind delivery and setup across Dodge County and Beaver Dam. Trust the experts at Proven Whitetail Systems.,,,
Juneau,Dodge County,75 miles southwest,vast agricultural plains,drainage ditches,and marsh borders,open-country farmland bucks,Redneck 6x6 Soft-Side Hunting Blind,Rock River drainage basin,Redneck Blinds & Setup in Juneau,WI | Proven Whitetail Systems,Enhance your Juneau and Dodge County property with factory-direct Redneck blinds delivered and installed by Proven Whitetail Systems.,,,
Mayville,Dodge County,60 miles southwest,ledge rock formations,marsh edges,and agricultural fields,ledge-running bucks and marsh giants,Redneck Soft-Side 360 Predator 6x6,Horicon Marsh northern gateway,Redneck Blinds & Delivery in Mayville,WI | Proven Whitetail Systems,Upgrade your Mayville property near the Horicon Marsh with rugged Redneck blinds delivered and anchored by Proven Whitetail Systems.,,,